{"total_flos":1.3116589471044403e+17,"train_loss":0.8394641475987348,"eval/samples_per_second":16.715,"train_runtime":396.1323,"train_samples_per_second":5.599,"_step":557,"train/learning_rate":7.220216606498195e-08,"_runtime":395.618419532,"eval/num_tokens":2.195244e+06,"_wandb":{"runtime":398},"train/global_step":554,"eval/runtime":14.7768,"eval/loss":0.7547101974487305,"_timestamp":1.7439839088952544e+09,"eval/steps_per_second":16.715,"train/epoch":0.9990982867448152,"train_steps_per_second":1.399,"train/grad_norm":5.922004699707031,"train/num_tokens":2.910242e+06,"train/loss":0.947,"eval/mean_token_accuracy":0.7802572918806964,"train/mean_token_accuracy":0.7304717749357224}