{"_step":129,"train/grad_norm":7.572875499725342,"eval/mean_token_accuracy":0.36772320806980135,"eval/loss":NaN,"train/epoch":0.050505050505050504,"train/global_step":125,"_timestamp":1.7447555259512103e+09,"train/num_tokens":575859,"_runtime":114.600391647,"train/loss":0.7101,"eval/num_tokens":581564,"eval/steps_per_second":17.275,"eval/samples_per_second":17.275,"train/learning_rate":1.9006060606060607e-05,"eval/runtime":5.7887,"_wandb":{"runtime":116},"train/mean_token_accuracy":0.4042596220970154}