{"eval/steps_per_second":16.913,"_timestamp":1.7447561461750388e+09,"train/epoch":0.018585858585858588,"train/global_step":46,"eval/samples_per_second":16.913,"eval/loss":NaN,"eval/num_tokens":122416,"_wandb":{"runtime":40},"_runtime":39.798577312,"train/learning_rate":1.9644444444444447e-05,"train/num_tokens":213454,"train/loss":0.7039,"eval/mean_token_accuracy":0.3012194985151291,"train/grad_norm":3.901683807373047,"_step":46,"eval/runtime":5.9127,"train/mean_token_accuracy":0.6106822341680527}