{"eval/samples_per_second":17.337,"train/epoch":9.982867448151488,"eval/runtime":14.2474,"eval/steps_per_second":17.337,"train/mean_token_accuracy":0.7628963142633438,"eval/num_tokens":2.9076316e+07,"_wandb":{"runtime":3433},"_timestamp":1.7439874199879813e+09,"_runtime":3431.1107891,"train/num_tokens":2.9076316e+07,"total_flos":1.3104824282735247e+18,"_step":5544,"train/global_step":5540,"train/grad_norm":11.678937911987305,"eval/loss":0.8146414160728455,"train_loss":0.6628603067316303,"eval/mean_token_accuracy":0.7747010016730922,"train/loss":0.9356,"train/learning_rate":1.444043321299639e-08,"train_samples_per_second":6.463,"train_steps_per_second":1.614,"train_runtime":3431.5865}