{"_step":247,"train/mean_token_accuracy":0.6233446002006531,"eval/runtime":4.4628,"_wandb":{"runtime":148},"train/epoch":0.0993939393939394,"_runtime":148.140109049,"_timestamp":1.7447572529674492e+09,"train/loss":0.6462,"eval/steps_per_second":21.511,"eval/samples_per_second":21.511,"train/global_step":246,"train/grad_norm":2.6710550785064697,"train/num_tokens":1.116113e+06,"eval/loss":NaN,"eval/num_tokens":914881,"train/learning_rate":1.9507070707070707e-05,"eval/mean_token_accuracy":0.3511123446126779}