{"train_runtime":7231.5857,"train_samples_per_second":5.531,"eval/samples_per_second":17.166,"eval/steps_per_second":17.166,"train/num_tokens":4.4462696e+07,"train/global_step":10000,"_runtime":7231.102566418,"train/loss":0.3229,"train/grad_norm":5.862582683563232,"_timestamp":1.7447645818314729e+09,"eval/mean_token_accuracy":0.7436038960329434,"eval/num_tokens":4.4462696e+07,"train/learning_rate":1e-08,"train_loss":0.4939662690268131,"train/mean_token_accuracy":0.2281167060136795,"_step":10100,"eval/loss":0.9629548788070679,"train_steps_per_second":1.383,"train/epoch":4,"_wandb":{"runtime":7232},"total_flos":2.0039533832851292e+18,"eval/runtime":14.3886}