{"train/grad_norm":4.630761623382568,"_step":1229,"_runtime":763.209679267,"train/loss":0.5211,"train/mean_token_accuracy":0.21239838004112244,"eval/samples_per_second":19.068,"eval/mean_token_accuracy":0.3719103854894638,"eval/loss":NaN,"eval/num_tokens":5.215337e+06,"train/epoch":0.4921212121212121,"eval/runtime":5.2445,"train/learning_rate":1.7545454545454548e-05,"train/num_tokens":5.337116e+06,"train/global_step":1218,"_wandb":{"runtime":763},"eval/steps_per_second":19.068,"_timestamp":1.7447570082410333e+09}