{"train/epoch":0.008888888888888889,"train/grad_norm":5.675123691558838,"_wandb":{"runtime":17},"train/loss":1.6009,"train/num_tokens":98933,"_timestamp":1.744753745933198e+09,"_step":21,"train/mean_token_accuracy":0.29790304601192474,"_runtime":16.19012268,"train/learning_rate":1.983838383838384e-05,"train/global_step":22}